{
  "Qwen1.5-1.8B-Chat": {
    "total": 98,
    "refusal_original": 11.224489795918368,
    "refusal_perturbed": 4.081632653061225,
    "asr": 0.0,
    "asr_answerable": 0.0,
    "attack_success_count": 0
  },
  "llama-3.2-3B-instruct": {
    "total": 98,
    "refusal_original": 2.0408163265306123,
    "refusal_perturbed": 1.0204081632653061,
    "asr": 0.0,
    "asr_answerable": 0.0,
    "attack_success_count": 0
  },
  "Mistral-7B-v0.1": {
    "total": 98,
    "refusal_original": 3.061224489795918,
    "refusal_perturbed": 7.142857142857142,
    "asr": 6.122448979591836,
    "asr_answerable": 6.315789473684211,
    "attack_success_count": 6
  },
  "deepseek-llm-7b-chat": {
    "total": 98,
    "refusal_original": 1.0204081632653061,
    "refusal_perturbed": 1.0204081632653061,
    "asr": 0.0,
    "asr_answerable": 0.0,
    "attack_success_count": 0
  }
}